[
    {
        "user": "Give nutritional information.",
        "assistant": "Serving Size: 75 g\nServings Per Container: 4\n\nAmount Per Serving:\n\nCalories: 80\nCalories from Fat: 22\n% Daily Value\n\nTotal Fat: 2.5 g (3.8%)\nSaturated Fat: 1.25 g (6.2%)\nTrans Fat: 0 g (0%)\nCholesterol: 0 mg (0%)\nSodium: 380 mg (16%)\nTotal Carbohydrates: 12 g (4%)\nDietary Fiber: 0 g (0%)\nSugars: 0 g\nProtein: 3 g\nVitamins and Minerals\n\nVitamin A: 0%\nVitamin C: 0%\nCalcium: 1%\nIron: 2%"
    },
    {
        "user": "Give nutritional information.",
        "assistant": "Serving Size: 1/2 tbsp (7 g)\nServings Per Packet: 14\n\nAmount Per Serving\n\nCalories: 20\nCalories from Fat: 10\n% Daily Value\n\nTotal Fat: 1.0 g (1%)\nSaturated Fat: 0.0 g (0%)\nTrans Fat: 0.0 g (0%)\nCholesterol: 0.0 mg (0%)\nSodium: 710 mg (29%)\nTotal Carbohydrates: 3.0 g (1%)\nDietary Fiber: 2.0 g (5%)\nSugars: 0.0 g\nProtein: 1.0 g\nVitamins and Minerals\n\nVitamin A: 15%\nVitamin C: 4%\nCalcium: 15%\nIron: 13%"
    },
    {
        "user": "Give nutritional information.",
        "assistant": "Serving Size: 1 slice (49g)\nServings Per Container: About 14\n\nAmount Per Serving\n\nCalories: 120\nCalories from Fat: 10\n% Daily Value\n\nTotal Fat: 1g (1%)\nSaturated Fat: 0g (0%)\nTrans Fat: 0g\nPolyunsaturated Fat: 0g\nMonounsaturated Fat: 0g\nCholesterol: 0mg (0%)\nSodium: 230mg (9%) \u00c2\u00a0 \nTotal Carbohydrate: 23g (8%)\nDietary Fiber: 1g (3%)\nSugars: 0g\nProtein: 4g\nVitamins and Minerals\n\nVitamin A: 0%\nVitamin C: 0%\nCalcium: 2%\nIron: 8%\nThiamin: 20%\nRiboflavin: 8%\nNiacin: 10%\nFolate: 15%"
    },
    {
        "user": "Give nutritional information.",
        "assistant": "Serving Size: 8 fl oz (237 mL)\nServings Per Container: About 4\n\nAmount Per Serving\n\nCalories: 0\nCalories from Fat: 0\nTotal Fat: 0g (0% Daily Value)\nSodium: 10mg (0% Daily Value)\nTotal Carbohydrates: 0g (0% Daily Value)\nSugars: 0g\nProtein: 0g\nCalcium: 4% Daily Value"
    },
    {
        "user": "Give nutritional information.",
        "assistant": "Per Package (15g)\n\nTotal Energy: 80 kcal\nEnergy from Fat: 40 kcal\n% Daily Value (based on 2150 kcal energy needs)\n\nTotal Fat: 4.5g (7%)\nSaturated Fat: 2g (10%)\nProtein: 1g (2%)\nCarbohydrates: 8g (3%)\nSugar: 0g\nSodium (Salt): 85mg (6%)"
    },
    {
        "user": "Give nutritional information.",
        "assistant": "Serving Size: 8 oz\nServings Per Container: 20\n\nAmount Per Serving:\n\nCalories: 0\nTotal Fat: 0g\nSodium: 1.0mg\nTotal Carbohydrates: 0mg\nProtein: 0mg\nCalcium: 0%\nIron: 0%"
    },
    {
        "user": "Give nutritional information.",
        "assistant": "Serving Size: 1 can\n\nAmount Per Serving\n\nCalories: 160\nTotal Fat: 0g (0% Daily Value)\nSodium: 10mg (0% Daily Value)\nTotal Carbohydrates: 39g (13% Daily Value)\nSugars: 39g\nProtein: 0g"
    },
    {
        "user": "Give nutritional information.",
        "assistant": "Serving Size: 1 cup (278g)\nServings Per Container: About 2\n\nAmount Per Serving\n\nCalories: 320\nTotal Fat: 11g (14% DV)\nSaturated Fat: 5g (25% DV)\nTrans Fat: 0g\nCholesterol: 0mg (0% DV)\nSodium: 780mg (34% DV)\nTotal Carbohydrates: 47g (17% DV)\nFiber: 3g (11% DV)\nTotal Sugars: 3g\nIncludes Added Sugars: 0g (0% DV)\nProtein: 9g\nVitamin D: 0%\nCalcium: 2%\nIron: 10%\nPotassium: 8%"
    },
    {
        "user": "Give nutritional information.",
        "assistant": "Serving Size: 1 cup (30g)\nServings Per Container: 9.5\n\nAmount Per Serving\n\nCalories: 170\nCalories from Fat: 90\n% Daily Value\n\nTotal Fat: 10.0g (15%)\nSaturated Fat: 5.0g (25%)\nTrans Fat: 0.0g\nCholesterol: 0.0mg (0%)\nSodium: 65.0mg (3%)\nTotal Carbohydrates: 19.0g (6%)\nDietary Fiber: 2.0g (8%)\nSugars: 1.0g\nProtein: 1.0g\nVitamin A: 0.0%\nVitamin C: 8.0%\nCalcium: 2.0%\nIron: 4.0%"
    },
    {
        "user": "Give nutritional information.",
        "assistant": "Serving Size: 1 tsp (5g)\nServings Per Container: 79\n\nAmount Per Serving\n\nCalories: 10\nTotal Fat: 0g (0% DV)\nSaturated Fat: 0g (0% DV)\nTrans Fat: 0g\nCholesterol: 0mg (0% DV)\nSodium: 65mg (3% DV)\nTotal Carbohydrates: 2g (1% DV)\nSugars: 1g\nProtein: 0g"
    },
    {
        "user": "Give nutritional information.",
        "assistant": "Per 100g\n\nEnergy: 539 kcal\nProtein: 6.7 g\nCarbohydrate: 52.5 g\nTotal Sugars: 1.0 g\nAdded Sugars: 0.3 g\nTotal Fat: 33.6 g\nSaturated Fat: 15.1 g\nTrans Fat: 0.1 g\nSodium: 651 mg\n%RDA Per 20g Serve\n\nEnergy: 5%\nProtein: 1%\nCarbohydrate: 10%\nTotal Sugars: 0%\nAdded Sugars: 0%\nTotal Fat: 10%\nSaturated Fat: 14%\nTrans Fat: 1%\nSodium: 7%"
    },
    {
        "user": "Give nutritional information.",
        "assistant": "Serving Size: 10 grams\nServings Per Container: 50\n\nAmount Per Serving:\n\nCalories: 30\nCalories from Fat: 0\nTotal Fat: 0g\nSaturated Fat: 0g\nTrans Fat: 0g\nCholesterol: 0mg\nSodium: 7mg\nTotal Carbohydrates: 7g\nDietary Fiber: 0g\nSugars: 5g\nProtein: 0g"
    },
    {
        "user": "Give nutritional information.",
        "assistant": "Serving Size: 1 pouch (59g)\nServings Per Container: 1\n\nAmount Per Serving\n\nCalories: 200\nCalories from Fat: 70\n% Daily Value\n\nTotal Fat: 8g (12%)\nSaturated Fat: 4g (20%)\nTrans Fat: 0g\nCholesterol: 0mg (0%)\nSodium: 1870mg (78%)\nTotal Carbohydrates: 38g (13%)\nDietary Fiber: 3g (12%)\nSugars: 3g (9%)\nProtein: 6g\nVitamins and Minerals\n\nVitamin A: <2%\nVitamin C: 6%\nCalcium: <2%\nIron: 6%"
    },
    {
        "user": "Give nutritional information.",
        "assistant": "Serving Size: 2 bars (155g)\nServings Per Container: 1\n\nAmount Per Serving\n\nCalories: 640\nCalories from Fat: 200\n% Daily Value\n\nTotal Fat: 22g (33%)\nSaturated Fat: 6g (33%)\nTrans Fat: 0g\nCholesterol: 0mg (0%)\nSodium: 790mg (33%)\nTotal Carbohydrates: 100g (33%)\nDietary Fiber: 9g (33%)\nSugars: 32g\nProtein: 17g (33%)\nVitamin A: 1%\nVitamin C: 2%\nCalcium: 6%\nIron: 17%"
    },
    {
        "user": "Give nutritional information.",
        "assistant": "Serving Size: 1 Tbsp (15g)\nServings Per Cup: About 26\n\nAmount Per Serving\n\nCalories: 15\nCalories from Fat: 0\n% Daily Value\n\nTotal Fat: 0g (0%)\nSaturated Fat: 0g (0%)\nTrans Fat: 0g\n\nCholesterol:1 Less than 5mg (1%)\nSodium: 530mg (22%)\nTotal Carbohydrates: 2g (1%)\nDietary Fiber: 1g (4%)\nSugars: 0g\nProtein: Less than 1g (0%)\nVitamin A: 0%\nVitamin C: 0%\nCalcium: 0%\nIron: Less than 2%"
    },
    {
        "user": "Give nutritional information.",
        "assistant": "Serving Size: 1 pouch (32g)\nServings Per Container: 1\n\nAmount Per Serving\n\nCalories: 120\nTotal Fat: 4.5g (6% DV)\nSaturated Fat: 1g (5% DV)\nTrans Fat: 0g\nPolyunsaturated Fat: 0.5g\nMonounsaturated Fat: 3g\nCholesterol: 0mg (0% DV)\nSodium: 75mg (3% DV)\nTotal Carbohydrate: 21g (8% DV)\nDietary Fiber: 3g (12% DV)\nSoluble Fiber: <1g\nInsoluble Fiber: 2g\nTotal Sugars: 9g\nIncludes 9g Added Sugars (18% DV)\nProtein: 2g"
    },
    {
        "user": "Give nutritional information.",
        "assistant": "Serving Size: 1 can\nServings Per Container: 1\n\nAmount Per Serving\n\nCalories: 0\nTotal Fat: 0g (0% Daily Value)\nSodium: 35mg (1% Daily Value)\nTotal Carbohydrate: 0g (0% Daily Value)\nProtein: 0g\nVitamins and Minerals\n\nVitamin C: 180% Daily Value\nIngredients: Filtered Sparkling Water, Organic Green Tea, Lavender, Lemon, Citric Acid"
    },
    {
        "user": "Give nutritional information.",
        "assistant": "Serving Size: 1 serving (53g)\nServings Per Container: 1\n\nAmount Per Serving\n\nCalories: 230\nTotal Fat: 7g (9% DV)\nSaturated Fat: 1.5g (8% DV)\nTrans Fat: 0g\nCholesterol: 4mg (1% DV)\nSodium: 760mg (33% DV)\nTotal Carbohydrate: 35g (13% DV)\nDietary Fiber: 2g (7% DV)\nTotal Sugars: 3g\nIncludes 2g Added Sugars (4% DV)\nProtein: 8g\nVitamin D: 0mcg (0% DV)\nCalcium: 25mg (2% DV)\nIron: 1mg (6% DV)\nPotassium: 220mg (4% DV)"
    },
    {
        "user": "Give nutritional information.",
        "assistant": "Per 100g\n\nEnergy: 2044 kJ / 487 kcal\nFat: 18 g\nSaturated Fat: 4.5 g\nCarbohydrates: 65 g\nSugars: 1.5 g\nProtein: 7 g\nSalt: 1.5 g\n%RDA per 100g\n\nEnergy: 26%\nFat: 26%\nSaturated Fat: 23%\nCarbohydrates: 25%\nSugars: 2%\nProtein: 14%\nSalt: 25%"
    },
    {
        "user": "Give nutritional information.",
        "assistant": "Per 100g\n\nEnergy: 1753 kJ / 419 kcal\nFat: 22 g\nSaturated Fat: 12 g\nCarbohydrates: 47 g\nSugars: 13 g\nProtein: 6.9 g\nSalt: 1.9 g\n%RDA per 100g\n\nEnergy: 26%\nFat: 26%\nSaturated Fat: 23%\nCarbohydrates: 25%\nSugars: 2%\nProtein: 14%\nSalt: 25%"
    },
    {
        "user": "Give nutritional information.",
        "assistant": "Per 100 ml\n\nEnergy: 148 kJ / 36 kcal\nFat: 1.8 g\nSaturated Fat: 1.2 g\nCarbohydrates: 3.6 g\nSugars: 0.6 g\nFiber: 1.3 g\nProtein: 0.6 g\nSalt: 0.63 g\n%RDA per 100 ml\n\nEnergy: 4%\nFat: 6%\nSaturated Fat: 15%\nCarbohydrates: 3%\nSugars: 2%\nFiber: 3%\nProtein: 26%\nSalt: 16%"
    },
    {
        "user": "Give nutritional information.",
        "assistant": "Serving Size: 30g\nServings Per Container: 45\n\nAmount Per Serving:\n\nCalories: 140\nCalories from Fat: 50\n% Daily Value\n\nTotal Fat: 6g (9%)\nSaturated Fat: 3g (15%)\nTrans Fat: 0g\nCholesterol: 0mg (0%)\nSodium: 110mg (5%)\nTotal Carbohydrates: 20g (7%)\nDietary Fiber: 2g (8%)\nSugars: 10g (11%)\nProtein: 2g (4%)"
    },
    {
        "user": "Give nutritional information.",
        "assistant": "Serving Size: 125 mL\nServings Per Container: About 3\n\nAmount Per Serving\n\nCalories: 126 kcal\nCalories from Fat: 94 kcal\nTotal Fat: 10.4 g\nSaturated Fat: 6 g\nTrans Fat: 0 g\nCholesterol: 2 mg\nSodium: 101 mg\nTotal Carbohydrates: 6 g\nDietary Fiber: 0 g\nSugars: 2 g\nProtein: 2 g\nMagnesium: 50 mg\n%RE/NI\n\nCalories: 5%\nTotal Fat: 21%\nSaturated Fat: 30%\nCholesterol: <1%\nSodium: <1%\nTotal Carbohydrates: <1%\nSugars: 3%\nProtein: 3%\nMagnesium: 21%"
    },
    {
        "user": "Give nutritional information.",
        "assistant": "Serving Size: 1 pouch (115 mL)\nServings Per Container: 1\n\nAmount Per Serving\n\nCalories: 45\nCalories from Fat: 0\nTotal Fat: 0g (0% DV)\nSaturated Fat: 0g (0% DV)\nTrans Fat: 0g\nCholesterol: 0mg (0% DV)\nSodium: 10mg (0% DV) \u00c2\u00a0 \nTotal Carbohydrates: 14g (5% DV) \u00c2\u00a0 \nDietary Fiber: 1g (4% DV)\nTotal Sugars: 13g (14% DV)\nProtein: 0g\nVitamin A: 4% DV\nVitamin C: 10% DV\nCalcium: 2% DV"
    },
    {
        "user": "Give nutritional information.",
        "assistant": "Serving Size: 1/2 cup (120ml)\nServings Per Container: About 2.5\n\nAmount Per Serving\n\nCalories: 60\nCalories from Fat: 15\n%DV\n\nTotal Fat: 1.5g (2%)\nSaturated Fat: 0.5g (3%)\nTrans Fat: 0g\nPolyunsaturated Fat: 0.5g\nMonounsaturated Fat: 0.5g\nCholesterol: 10mg (3%)\nSodium: 410mg (17%)\nPotassium: 360mg (10%)\nTotal Carbohydrates: 10g (3%)\nDietary Fiber: 1g (4%)\nSugars: 1g\nProtein: 3g\nVitamin A: 10%\nVitamin C: 0%\nCalcium: 2%\nIron: 2%"
    },
    {
        "user": "Give nutritional information.",
        "assistant": "Serving Size: 2 Tbsp (32g)\nServings Per Container: 14\n\nAmount Per Serving\n\nCalories: 190\nCalories from Fat: 150\n\n% Daily Value\nTotal Fat: 17g (26%)\nSaturated Fat: 1.5g (8%)\nTrans Fat: 0g\nCholesterol: 0mg (0%)\nSodium: 90mg (4%)\nTotal Carbohydrate: 7g (2%)\nDietary Fiber: 3g (12%)\nSugars: 2g\nProtein: 7g\nVitamin A: 0%\nVitamin C: 0%\nCalcium: 8%\nIron: 6%"
    },
    {
        "user": "Give nutritional information.",
        "assistant": "Serving Size: 2 Tbsp (32g)\nServings Per Container: 14\n\nAmount Per Serving\n\nCalories: 210\nCalories from Fat: 140\n% Daily Value\n\nTotal Fat: 16g (25%)\nSaturated Fat: 2.5g (12%)\nTrans Fat: 0g\nPolyunsaturated Fat: 4.5g\nMonounsaturated Fat: 9g\nCholesterol: 0mg (0%)\nSodium: 50mg (2%)\nTotal Carbohydrate: 6g (2%)\nDietary Fiber: 2g (9%)\nSugars: 1g\nProtein: 8g (8%)\nVitamin E: 10%\nRiboflavin: 2%\nNiacin: 20%"
    },
    {
        "user": "Give nutritional information.",
        "assistant": "Serving Size: 1 can (355 mL)\n\nAmount Per Serving\n\nCalories: 0\nTotal Fat: 0g (0% Daily Value)\nSodium: 0mg (0% Daily Value)\nTotal Carbohydrates: 0g (0% Daily Value)\nSugars: 0g\nProtein: 0g"
    },
    {
        "user": "Give nutritional information.",
        "assistant": "Serving Size: 67g\nServings Per Package: 4\n\nAvg Qty per Serving\tAvg Qty per 100g\nEnergy\t357kJ / 85cal\nProtein\t0.9g\nFat, total\t6.4g\nsaturated | 6.3g | 9.3g Carbohydrate | 6.0g | 9.0g\nsugars | 0.2g | 0.3g Sodium | 43mg | 64mg\nIngredients:\n\nCoconut Cream (37%) (Coconut Cream, Xanthan Gum)\nWater, Xylitol, Chocolate Syrup (12%) (Water, Polydextrose, Inulin, Humectant (422) (derived from Maize), Stabiliser (1442 (Waxy Maize derived)), Natural Flavourings, Natural Caramel Colour, Xanthan Gum, Food Acid (270), Salt, Sweetener (960)), Cocoa Powder (7%), Stevia Blend (Stevia, Erythritol), Mono-diglycerides of Fatty Acids, Stabilisers (Guar Gum, Locust Bean Gum), Salt."
    },
    {
        "user": "Give nutritional information.",
        "assistant": "Per 100 g (Approx.)\n\nEnergy: 800 Kcal\nProtein: 0.3 g\nCarbohydrate: 0.1 g\nSugar: 0 g\nTotal Fat: 99.7 g\nSaturated Fat: 75.1 g\nMUFA: 28.2 g\nPUFA: 0.2 g\nTrans Fat: 200.8 mg\nCholesterol: 250 mg\nDietary Fibre: 0 g\nSodium: 0.15 g\nCalcium: 0.75 mg\nIron: 0.15 mg\nVitamin A: 0 mg\nVitamin C: 0 mg"
    },
    {
        "user": "Give nutritional information.",
        "assistant": "Per 60 mL (61 g)\n\nCalories: 220\nFat: 20 g\nSaturated Fat: 2.5 g\nTrans Fat: 0.1 g\nCholesterol: 0 mg\nSodium: 330 mg\nCarbohydrate: 8 g\nFiber: 2 g\nSugars: 5 g\nProtein: 2 g\n% Daily Value\n\nCalories: 31%\nFat: 31%\nSaturated Fat: 13%\nSodium: 14%\nCarbohydrate: 3%\nFiber: 8%\nProtein: 4%\nVitamin A: 15%\nVitamin C: 4%\nCalcium: 2%\nIron: 6%"
    },
    {
        "user": "Give nutritional information.",
        "assistant": "Serving Size: 1/5 Pizza (138g)\nServings Per Container: 5\n\nAmount Per Serving\n\nCalories: 410\nCalories from Fat: 210\n% Daily Value\n\nTotal Fat: 23g (35%)\nSaturated Fat: 10g (50%)\nTrans Fat: 0g\nCholesterol: 35mg (12%)\nSodium: 700mg (29%)\nTotal Carbohydrate: 37g (12%)\nDietary Fiber: 1g (4%)\nSugars: 3g\nProtein: 13g\nVitamin A: 4%\nVitamin C: 0%\nCalcium: 20%\nIron: 4%"
    },
    {
        "user": "Give nutritional information.",
        "assistant": "Serving Size: 2 scoops (35.7g)\nServings Per Container: 14\n\nAmount Per Serving\n\nCalories: 140\nCalories from Fat: 30\nTotal Fat: 3.5g (5%)\nSaturated Fat: 0.5g (3%)\nTrans Fat: 0g\nCholesterol: 0mg (0%)\nSodium: 220mg (9%)\nPotassium: 40mg (1%)\nTotal Carbohydrate: 7g (2%)\nDietary Fiber: 1g (4%)\nSugars: 4g\nProtein: 20g (40%)\nVitamin A: 2%\nVitamin C: 15%\nCalcium: 6%\nIron: 25%\n% Daily Value:\n\nBased on a 2,000 calorie diet. Your daily values may be higher or lower depending on your calorie needs.\nTypical Amino Acid Profile: \u00c2\u00a0 \n\nAlanine: 900mg\nArginine: 1.78g\nAspartic Acid: 2.45g\nCystine: 200mg\nGlutamic Acid: 3.5g\nGlycine: 875mg\nHistidine: 525mg\nIsoleucine: 1.1g\nLeucine: 1.78g\nLysine: 1.55g\nMethionine: 225mg\nPhenylalanine: 1.15g\nProline: 925mg\nSerine: 1.1g\nThreonine: 775mg\nTryptophan: 225mg\nTyrosine: 800mg\nValine: 1.1g\nIngredients: OWYN\u00e2\u201e\u00a2 Protein Blend (pea protein concentrate, pumpkin protein, chia), organic cane sugar, Superfoods & Greens Blend (zucchini, spinach, broccoli, kale, flaxseed providing 500 mg\n\n \u00ce\u00b1-Linolenic acid (Omega-3), matcha tea, natural flavors, monk fruit extract, Aquamin trace minerals (mineralized seaweed), LactoSpore Bacillus coagulans (1 billion CFU), and unroasted green coffee beans. \u00c2"
    },
    {
        "user": "Give nutritional information.",
        "assistant": "Serving Size: 2 medium peppers (1g)\nServings Per Container: About 30\n\nAmount Per Serving\n\nCalories: 15\nCalories from Fat: 0\n% Daily Value\n\nTotal Fat: 0g (0%)\nSaturated Fat: 0g (0%)\nTrans Fat: 0g\nCholesterol: 0mg (0%)\nSodium: 0mg (0%) \u00c2\u00a0 \nTotal Carbohydrate: 1g (0%)\nDietary Fiber: 0g (0%)\nSugars: 0g\nProtein: 0g\nVitamins and Minerals \u00c2\u00a0 \n\nVitamin A: 6%\nVitamin C: 0%\nCalcium: 0%\nIron: 0%"
    },
    {
        "user": "Give nutritional information.",
        "assistant": "Serving Size: 1 Can\n\nAmount Per Serving\n\nCalories: 0\nTotal Fat: 0g (0% Daily Value)\nSodium: 0mg (0% Daily Value)\nTotal Carbohydrate: 0g (0% Daily Value)\nSugars: 0g\nProtein: 0g\nVitamin C: 10% Daily Value"
    },
    {
        "user": "Give nutritional information.",
        "assistant": "Serving Size: 2/3 cup (55g)\nServings Per Container: 8\n\nAmount Per Serving\n\nCalories: 230\nCalories from Fat: 110\n% Daily Value\n\nTotal Fat: 12g (18%)\nSaturated Fat: 1g (5%)\nTrans Fat: 0g\nCholesterol: 0mg (0%)\nSodium: 460mg (19%)\nTotal Carbohydrate: 37g (13%)\nDietary Fiber: 4g (14%)\nTotal Sugars: 12g\nIncludes 10g Added Sugars (20%)\nProtein: 3g (6%)\nVitamins and Minerals\n\nVitamin D: 2mcg (10%)\nCalcium: 260mg (20%)\nIron: 8mg (45%)\nPotassium: 235mg (6%)"
    },
    {
        "user": "Give nutritional information.",
        "assistant": "Serving Size: 2 tbsp (31 g)\nServings Per Container: About 12\n\nAmount Per Serving\n\nCalories: 130\nTotal Fat: 13g (16%)\nSaturated Fat: 2.5g (12%)\nTrans Fat: 0g\nCholesterol: 10mg (4%)\nSodium: 630mg (27%)\nTotal Carbohydrate: 3g (1%)\nFiber: 0g\nTotal Sugars: 1g\nIncludes 1g Added Sugars (2%)\nProtein: 1g\nVitamin D: 0%\nCalcium: 2%\nIron: 0%\nPotassium: 0%"
    },
    {
        "user": "Give nutritional information.",
        "assistant": "Serving Size: 1 Tbsp (15mL)\nServings Per Container: About 32\n\nAmount Per Serving\n\nCalories: 50\nCalories from Fat: 45\n% Daily Value\n\nTotal Fat: 5g (6%)\nSaturated Fat: 3.5g (18%)\nTrans Fat: 0g\nCholesterol: 0mg (0%)\nSodium: 0mg (0%)\nTotal Carbohydrate: 0g (0%)\nTotal Sugars: 0g\nIncludes 0g Added Sugars (0%)\nProtein: 0g"
    },
    {
        "user": "Give nutritional information.",
        "assistant": "Serving Size: 100g\nNo. of servings per container: About 4\n\nAmount Per Serving\n\nCalories: 340 kcal\nCalories from Fat: 14%\nTotal Fat: 9 g\nSaturated Fat: 3 g\nTrans Fat: 0 g\nCholesterol: 0 mg\nSodium: 6 mg\nTotal Carbohydrates: 69 g\nDietary Fiber: 8 g\nSugar: 52 g\nTotal Protein: 2 g"
    },
    {
        "user": "Give nutritional information.",
        "assistant": "Serving Size: 6 cups\nServings Per Container: 1\n\nAmount Per Serving\n\nCalories: 90\nCalories from Fat: 0\nTotal Fat: 0g (0%)\nSaturated Fat: 0g (0%)\nTrans Fat: 0g\nCholesterol: 0mg (0%)\nSodium: 60mg (3%)\nTotal Carbohydrate: 60g (7%)\nSugars: 16g (<2%)\nProtein: 0g\n%DV:\n\nPercent Daily Values are based on a 2,000 calorie diet.\n%RENI:\n\nPercent RENI values are based on FNRI reference male adult requirement of 19-29 years old.\nIngredients: Seaweed Powder, Refined Sugar, Food Color (FD&C Yellow 5)"
    },
    {
        "user": "Give nutritional information.",
        "assistant": "Per 100 g\n\nEnergy: 530 kcal\nProtein: 6.4 g\nCarbohydrate: 53.8 g\nTotal Sugars: 5.6 g\nAdded Sugars: 4.5 g\nTotal Fat: 32.2 g\nSaturated Fat: 14.5 g\nTrans Fat: 0.1 g\nSodium: 636 mg\n%RDA Per Serve (20 g)\n\nEnergy: 5%\nProtein: 5%\nCarbohydrates: 2%\nAdded Sugars: 2%\nTotal Fat: 10%\nSaturated Fat: 13%\nTrans Fat: 1%\nSodium: 6%"
    },
    {
        "user": "Give nutritional information.",
        "assistant": "Per 100 g\n\nEnergy: 539 kcal\nProtein: 6.9 g\nCarbohydrate: 53.4 g\nTotal Sugars: 5.6 g\nAdded Sugars: 0.2 g\nTotal Fat: 33.1 g\nSaturated Fat: 14.9 g\nTrans Fat: 0.1 g\nSodium: 626 mg\n%RDA Per Serve (20 g)\n\nEnergy: 5%\nProtein: 5%\nCarbohydrate: 2%\nAdded Sugars: 0%\nTotal Fat: 10%\nSaturated Fat: 14%\nTrans Fat: 1%\nSodium: 6%"
    },
    {
        "user": "Give nutritional information.",
        "assistant": "Per 1/2 cup (125 mL)\n\nCalories: 90\nFat: 1g\nSaturated Fat: 0g\nTrans Fat: 0g\nCholesterol: 0mg\nSodium: 125mg\nCarbohydrate: 18g\nFiber: 4g\nSugars: 1g\nProtein: 3g\n% Daily Value\n\nCalories: 5%\nFat: 2%\nSaturated Fat: 0%\nCholesterol: 0%\nSodium: 5%\nCarbohydrates: 6%\nFiber: 4%\nProtein: 2%\nVitamin A: 0%\nVitamin C: 0%\nCalcium: 2%\nIron: 0%"
    },
    {
        "user": "Give nutritional information.",
        "assistant": "Per 100g\n\nEnergy: 274kJ/64kcal\nFat: 0.1g\nof which saturates: 0.1g\nCarbohydrate: 15.1g\nof which sugars: 15.1g\nFibre: 0.6g\nProtein: 0.5g\nSalt: 0.05g\nPer 1/2 can (205g)\n\nEnergy: 561kJ/132kcal\nFat: 0.2g\nof which saturates: 0.2g\nCarbohydrate: 31g\nof which sugars: 31g\nFibre: 1.2g\nProtein: 0.9g\nSalt: 0.1g\n%RI per 1/2 can (205g)\n\nEnergy: 7% (Reference Intake of an average adult (8400kJ/2000kcal))\nFat: <1%\nSaturates: <1%\nSugars: 34%\nSalt: 2%"
    },
    {
        "user": "Give nutritional information.",
        "assistant": "Serving Size: 2 cookies (30g)\nServings Per Container: About 9\n\nAmount Per Serving\n\nCalories: 160\nCalories from Fat: 70\n% Daily Value\n\nTotal Fat: 8g (12%)\n\nSaturated1 Fat: 4.5g (23%) \nTrans Fat: 0g\nPolyunsaturated Fat: 0.5g\nMonounsaturated Fat: 2.5g\nCholesterol: 0mg (0%)\nSodium: 95mg (4%)\nPotassium: 30mg (1%)\nTotal Carbohydrate: 19g (6%)\nDietary Fiber: 1g (4%)"
    }
]